{"sections":{"1530224149715":{"type":"index-section-revolution","blocks":{"1530224173673":{"type":"slider_list","settings":{"image":"shopify:\/\/shop_images\/home1_01.png","banner_link":"","position":"center","imgpositionvertical":"center","show_video":"no","video_url":"\/\/cdn.shopify.com\/s\/files\/1\/0130\/5041\/3114\/files\/Video.mp4?7607761490217037888","loopvideo":false,"muted_video":true,"show_infoblock":"yes","show_item_button":"yes","infoposition":"center","infoposition_v":"center","textaligment":"center","info_point":"351","info_point_v":"-20","textbackground_s":false,"textbackground_r":6,"textbackground_c":"#191919","textbackground_a":"80","text1":"Multipurpose","text2":"Premium<br>\nShopify Theme","text3":"30 skins, powerful features, great support, exclusive offer","button_title":"SHOP NOW!","button_link_size":"17","button_link_top":"5","button2":false,"banner_link2":"","button_title2":"SHOP NOW!","color_text1":"#2879fe","color_text2":"#191919","color_text3":"#191919","color_textbase":"#ffffff","color_bgbase":"#2879fe","color_textactive":"#ffffff","color_bgactive":"#2267d8","color_textbase2":"#ffffff","color_bgbase2":"#2879fe","color_textactive2":"#ffffff","color_bgactive2":"#2267d8","btn_custom_styles":"","btn_custom_styles_hover":"","show_customhtml":"no","code":"<img src=\"\/\/cdn.shopify.com\/s\/files\/1\/0130\/5041\/3114\/files\/home1_01.png?v=1530224249\" alt=\"slide1\" data-bgposition=\"center center\" data-bgfit=\"cover\" data-bgrepeat=\"no-repeat\"><div class=\"tp-caption tp-caption1 lfb stb text-center\" data-x=\"center\" data-y=\"center\" data-hoffset=\"0\" data-voffset=\"-20\" data-speed=\"600\" data-start=\"900\" data-easing=\"Power4.easeOut\" data-endeasing=\"Power4.easeIn\">\n<div class=\"tp-caption1-wd-1\">Multi-Purpose<\/div>\n<div class=\"tp-caption1-wd-2\">Premium<br>Shopify Theme<\/div>\n<div class=\"tp-caption1-wd-3\">30 skins, powerful features, great support, exclusive offer<\/div>\n<div class=\"tp-caption1-wd-4\"><a href=\"#\" class=\"btn btn-xl\" data-text=\"SHOP NOW!\">SHOP NOW!<\/a><\/div>\n<\/div>","show_mask":false,"show_mask_color":"#191919","show_mask_alpha":30}},"1530224176253":{"type":"slider_list","settings":{"image":"shopify:\/\/shop_images\/home1_02.png","banner_link":"","position":"center","imgpositionvertical":"center","show_video":"no","video_url":"\/\/cdn.shopify.com\/s\/files\/1\/0130\/5041\/3114\/files\/Video.mp4?7607761490217037888","loopvideo":false,"muted_video":true,"show_infoblock":"yes","show_item_button":"yes","infoposition":"center","infoposition_v":"center","textaligment":"center","info_point":"351","info_point_v":"-20","textbackground_s":false,"textbackground_r":6,"textbackground_c":"#191919","textbackground_a":"80","text1":"Ready To","text2":"Use Unique<br>\nDemos","text3":"Optimized for speed, website that sells","button_title":"SHOP NOW!","button_link_size":"17","button_link_top":"5","button2":false,"banner_link2":"","button_title2":"SHOP NOW!","color_text1":"#ffffff","color_text2":"#ffffff","color_text3":"#191919","color_textbase":"#ffffff","color_bgbase":"#2879fe","color_textactive":"#2879fe","color_bgactive":"#ffffff","color_textbase2":"#ffffff","color_bgbase2":"#2879fe","color_textactive2":"#ffffff","color_bgactive2":"#2267d8","btn_custom_styles":"","btn_custom_styles_hover":"","show_customhtml":"no","code":"<img src=\"\/\/cdn.shopify.com\/s\/files\/1\/0130\/5041\/3114\/files\/home1_01.png?v=1530224249\" alt=\"slide1\" data-bgposition=\"center center\" data-bgfit=\"cover\" data-bgrepeat=\"no-repeat\"><div class=\"tp-caption tp-caption1 lfb stb text-center\" data-x=\"center\" data-y=\"center\" data-hoffset=\"0\" data-voffset=\"-20\" data-speed=\"600\" data-start=\"900\" data-easing=\"Power4.easeOut\" data-endeasing=\"Power4.easeIn\">\n<div class=\"tp-caption1-wd-1\">Multi-Purpose<\/div>\n<div class=\"tp-caption1-wd-2\">Premium<br>Shopify Theme<\/div>\n<div class=\"tp-caption1-wd-3\">30 skins, powerful features, great support, exclusive offer<\/div>\n<div class=\"tp-caption1-wd-4\"><a href=\"#\" class=\"btn btn-xl\" data-text=\"SHOP NOW!\">SHOP NOW!<\/a><\/div>\n<\/div>","show_mask":false,"show_mask_color":"#191919","show_mask_alpha":30}},"1530224178056":{"type":"slider_list","settings":{"image":"shopify:\/\/shop_images\/slider_video.png","banner_link":"","position":"center","imgpositionvertical":"center","show_video":"yes","video_url":"\/\/cdn.shopify.com\/s\/files\/1\/0130\/5041\/3114\/files\/pexels-video.mp4?v=1606911432","loopvideo":false,"muted_video":true,"show_infoblock":"yes","show_item_button":"yes","infoposition":"center","infoposition_v":"center","textaligment":"center","info_point":"351","info_point_v":"-20","textbackground_s":false,"textbackground_r":6,"textbackground_c":"#191919","textbackground_a":"80","text1":"Oberlo","text2":"Find Products for<br>\nYour Shop","text3":"Oberlo allows you to easily import dropshipped products directly into your ecommerce store","button_title":"SHOP NOW!","button_link_size":"17","button_link_top":"5","button2":false,"banner_link2":"","button_title2":"SHOP NOW!","color_text1":"#2879fe","color_text2":"#ffffff","color_text3":"#ffffff","color_textbase":"#ffffff","color_bgbase":"#2879fe","color_textactive":"#ffffff","color_bgactive":"#2267d8","color_textbase2":"#ffffff","color_bgbase2":"#2879fe","color_textactive2":"#ffffff","color_bgactive2":"#2267d8","btn_custom_styles":"","btn_custom_styles_hover":"","show_customhtml":"no","code":"<img src=\"\/\/cdn.shopify.com\/s\/files\/1\/0130\/5041\/3114\/files\/home1_01.png?v=1530224249\" alt=\"slide1\" data-bgposition=\"center center\" data-bgfit=\"cover\" data-bgrepeat=\"no-repeat\"><div class=\"tp-caption tp-caption1 lfb stb text-center\" data-x=\"center\" data-y=\"center\" data-hoffset=\"0\" data-voffset=\"-20\" data-speed=\"600\" data-start=\"900\" data-easing=\"Power4.easeOut\" data-endeasing=\"Power4.easeIn\">\n<div class=\"tp-caption1-wd-1\">Multi-Purpose<\/div>\n<div class=\"tp-caption1-wd-2\">Premium<br>Shopify Theme<\/div>\n<div class=\"tp-caption1-wd-3\">30 skins, powerful features, great support, exclusive offer<\/div>\n<div class=\"tp-caption1-wd-4\"><a href=\"#\" class=\"btn btn-xl\" data-text=\"SHOP NOW!\">SHOP NOW!<\/a><\/div>\n<\/div>","show_mask":false,"show_mask_color":"#191919","show_mask_alpha":30}}},"block_order":["1530224173673","1530224176253","1530224178056"],"settings":{"top_offset":"none","usebanner":"none","fullwidth":true,"bg_round_r":6,"img_fullscreen":true,"customwidthvalue":"1180","customheightvalue":"650","delay_time":"16000","use_same_desc_width":false,"same_width":"330","show_border":false,"border_color":"#e9e7e7","bg_round":6}},"1521704967763":{"type":"index-section-construction_banners","blocks":{"1521704975308":{"type":"item","settings":{"use_main_bg_color":false,"main_bg_color":"#f7f8fa","image":"shopify:\/\/shop_images\/home21_05.jpg","responsivepoint_image":"768","use_link":true,"link":"shopify:\/\/collections\/trending","text_to_left":false,"text1":"SALE","text2":"","text3":"","cbtntext":"#191919","cbtntext2":"#191919","cbtntext3":"#777777","acbtntext":"#ffffff","acbtntext2":"#ffffff","acbtntext3":"#ffffff","cbtnbg":"#ffffff","background_alpha":"90","acbtnbg":"#2879fe","background_alpha_a":"90","cbtnbor":"#ffffff","border_alpha":"0","acbtnbor":"#191919","border_alpha_a":"0","custom_styles_text_1":"","custom_styles_text_2":"","custom_styles_text_3":"","custom_styles_text_1_2":"","custom_styles_text_2_2":"","custom_styles_text_3_2":"","custom_styles_text_1_mobile":"","custom_styles_text_2_mobile":"","custom_styles_text_3_mobile":"","custom_styles_text_1_mobile_2":"","custom_styles_text_2_mobile_2":"","custom_styles_text_3_mobile_2":"","show_custom_html":false,"use_custom_html_below_text":false,"custom_html":"","custom_html_position":"normal","show_prem_btn":false,"btnanimation":false,"buttons_top_offset":30,"buttons_top_offset_medium":30,"buttons_top_offset_mobile":30,"show_prem_btn_1":true,"link_1":"","text_b_1":"SHOP WOMEN","cbtntext_1":"#191919","acbtntext_1":"#ffffff","cbtnbg_1":"#ffffff","background_alpha_1":"90","acbtnbg_1":"#2879fe","background_alpha_a_1":"90","btn_custom_styles_1":"","btn_custom_styles_hover_1":"","show_prem_btn_2":true,"link_2":"","text_b_2":"SHOP MEN","cbtntext_2":"#191919","acbtntext_2":"#ffffff","cbtnbg_2":"#ffffff","background_alpha_2":"90","acbtnbg_2":"#2879fe","background_alpha_a_2":"90","btn_custom_styles_2":"","btn_custom_styles_hover_2":"","description_size":"use_main_size","textbackgroundstyles":"","textbackgroundstyles_medium":"","textbackgroundstyles_mobile":"","textbackgroundstyles_mobile_2":"","animation":"use_main_animation","position":"use_main_position","show_mask":false,"show_mask_color":"#191919","show_mask_alpha":30,"mobile_position":"use_main_position","responsivepoint":"1024","mobile_not_show_text_1":false,"mobile_not_show_text_2":false,"mobile_not_show_text_3":false,"mobile_not_show_buttons":false,"show_icon":false,"width":"128"}},"1521704977937":{"type":"item","settings":{"use_main_bg_color":false,"main_bg_color":"#f7f8fa","image":"shopify:\/\/shop_images\/04_80_t.jpg","responsivepoint_image":"768","use_link":true,"link":"shopify:\/\/collections\/trending","text_to_left":false,"text1":"NEW","text2":"","text3":"","cbtntext":"#191919","cbtntext2":"#191919","cbtntext3":"#777777","acbtntext":"#ffffff","acbtntext2":"#ffffff","acbtntext3":"#ffffff","cbtnbg":"#ffffff","background_alpha":"90","acbtnbg":"#2879fe","background_alpha_a":"90","cbtnbor":"#ffffff","border_alpha":"0","acbtnbor":"#191919","border_alpha_a":"0","custom_styles_text_1":"","custom_styles_text_2":"","custom_styles_text_3":"","custom_styles_text_1_2":"","custom_styles_text_2_2":"","custom_styles_text_3_2":"","custom_styles_text_1_mobile":"","custom_styles_text_2_mobile":"","custom_styles_text_3_mobile":"","custom_styles_text_1_mobile_2":"","custom_styles_text_2_mobile_2":"","custom_styles_text_3_mobile_2":"","show_custom_html":false,"use_custom_html_below_text":false,"custom_html":"","custom_html_position":"normal","show_prem_btn":false,"btnanimation":false,"buttons_top_offset":30,"buttons_top_offset_medium":30,"buttons_top_offset_mobile":30,"show_prem_btn_1":true,"link_1":"","text_b_1":"SHOP WOMEN","cbtntext_1":"#191919","acbtntext_1":"#ffffff","cbtnbg_1":"#ffffff","background_alpha_1":"90","acbtnbg_1":"#2879fe","background_alpha_a_1":"90","btn_custom_styles_1":"","btn_custom_styles_hover_1":"","show_prem_btn_2":true,"link_2":"","text_b_2":"SHOP MEN","cbtntext_2":"#191919","acbtntext_2":"#ffffff","cbtnbg_2":"#ffffff","background_alpha_2":"90","acbtnbg_2":"#2879fe","background_alpha_a_2":"90","btn_custom_styles_2":"","btn_custom_styles_hover_2":"","description_size":"use_main_size","textbackgroundstyles":"","textbackgroundstyles_medium":"","textbackgroundstyles_mobile":"","textbackgroundstyles_mobile_2":"","animation":"use_main_animation","position":"use_main_position","show_mask":false,"show_mask_color":"#191919","show_mask_alpha":30,"mobile_position":"use_main_position","responsivepoint":"1024","mobile_not_show_text_1":false,"mobile_not_show_text_2":false,"mobile_not_show_text_3":false,"mobile_not_show_buttons":false,"show_icon":false,"width":"128"}},"1521704979930":{"type":"item","settings":{"use_main_bg_color":false,"main_bg_color":"#f7f8fa","image":"shopify:\/\/shop_images\/06_80_t.jpg","responsivepoint_image":"768","use_link":true,"link":"shopify:\/\/collections\/trending","text_to_left":false,"text1":"WOMEN","text2":"","text3":"","cbtntext":"#191919","cbtntext2":"#191919","cbtntext3":"#777777","acbtntext":"#ffffff","acbtntext2":"#ffffff","acbtntext3":"#ffffff","cbtnbg":"#ffffff","background_alpha":"90","acbtnbg":"#2879fe","background_alpha_a":"90","cbtnbor":"#ffffff","border_alpha":"0","acbtnbor":"#191919","border_alpha_a":"0","custom_styles_text_1":"","custom_styles_text_2":"","custom_styles_text_3":"","custom_styles_text_1_2":"","custom_styles_text_2_2":"","custom_styles_text_3_2":"","custom_styles_text_1_mobile":"","custom_styles_text_2_mobile":"","custom_styles_text_3_mobile":"","custom_styles_text_1_mobile_2":"","custom_styles_text_2_mobile_2":"","custom_styles_text_3_mobile_2":"","show_custom_html":false,"use_custom_html_below_text":false,"custom_html":"","custom_html_position":"normal","show_prem_btn":false,"btnanimation":false,"buttons_top_offset":30,"buttons_top_offset_medium":30,"buttons_top_offset_mobile":30,"show_prem_btn_1":true,"link_1":"","text_b_1":"SHOP WOMEN","cbtntext_1":"#191919","acbtntext_1":"#ffffff","cbtnbg_1":"#ffffff","background_alpha_1":"90","acbtnbg_1":"#2879fe","background_alpha_a_1":"90","btn_custom_styles_1":"","btn_custom_styles_hover_1":"","show_prem_btn_2":true,"link_2":"","text_b_2":"SHOP MEN","cbtntext_2":"#191919","acbtntext_2":"#ffffff","cbtnbg_2":"#ffffff","background_alpha_2":"90","acbtnbg_2":"#2879fe","background_alpha_a_2":"90","btn_custom_styles_2":"","btn_custom_styles_hover_2":"","description_size":"use_main_size","textbackgroundstyles":"","textbackgroundstyles_medium":"","textbackgroundstyles_mobile":"","textbackgroundstyles_mobile_2":"","animation":"use_main_animation","position":"use_main_position","show_mask":false,"show_mask_color":"#191919","show_mask_alpha":30,"mobile_position":"use_main_position","responsivepoint":"1024","mobile_not_show_text_1":false,"mobile_not_show_text_2":false,"mobile_not_show_text_3":false,"mobile_not_show_buttons":false,"show_icon":false,"width":"128"}},"1521704987660":{"type":"item","settings":{"use_main_bg_color":false,"main_bg_color":"#f7f8fa","image":"shopify:\/\/shop_images\/05_80_t.jpg","responsivepoint_image":"768","use_link":true,"link":"shopify:\/\/collections\/trending","text_to_left":false,"text1":"MEN","text2":"","text3":"","cbtntext":"#191919","cbtntext2":"#191919","cbtntext3":"#777777","acbtntext":"#ffffff","acbtntext2":"#ffffff","acbtntext3":"#ffffff","cbtnbg":"#ffffff","background_alpha":"90","acbtnbg":"#2879fe","background_alpha_a":"90","cbtnbor":"#ffffff","border_alpha":"0","acbtnbor":"#191919","border_alpha_a":"0","custom_styles_text_1":"","custom_styles_text_2":"","custom_styles_text_3":"","custom_styles_text_1_2":"","custom_styles_text_2_2":"","custom_styles_text_3_2":"","custom_styles_text_1_mobile":"","custom_styles_text_2_mobile":"","custom_styles_text_3_mobile":"","custom_styles_text_1_mobile_2":"","custom_styles_text_2_mobile_2":"","custom_styles_text_3_mobile_2":"","show_custom_html":false,"use_custom_html_below_text":false,"custom_html":"","custom_html_position":"normal","show_prem_btn":false,"btnanimation":false,"buttons_top_offset":30,"buttons_top_offset_medium":30,"buttons_top_offset_mobile":30,"show_prem_btn_1":true,"link_1":"","text_b_1":"SHOP WOMEN","cbtntext_1":"#191919","acbtntext_1":"#ffffff","cbtnbg_1":"#ffffff","background_alpha_1":"90","acbtnbg_1":"#2879fe","background_alpha_a_1":"90","btn_custom_styles_1":"","btn_custom_styles_hover_1":"","show_prem_btn_2":true,"link_2":"","text_b_2":"SHOP MEN","cbtntext_2":"#191919","acbtntext_2":"#ffffff","cbtnbg_2":"#ffffff","background_alpha_2":"90","acbtnbg_2":"#2879fe","background_alpha_a_2":"90","btn_custom_styles_2":"","btn_custom_styles_hover_2":"","description_size":"use_main_size","textbackgroundstyles":"","textbackgroundstyles_medium":"","textbackgroundstyles_mobile":"","textbackgroundstyles_mobile_2":"","animation":"use_main_animation","position":"use_main_position","show_mask":false,"show_mask_color":"#191919","show_mask_alpha":30,"mobile_position":"use_main_position","responsivepoint":"1024","mobile_not_show_text_1":false,"mobile_not_show_text_2":false,"mobile_not_show_text_3":false,"mobile_not_show_buttons":false,"show_icon":false,"width":"128"}},"1530166022494":{"type":"item","settings":{"use_main_bg_color":false,"main_bg_color":"#f7f8fa","image":"shopify:\/\/shop_images\/05_t.png","responsivepoint_image":"768","use_link":true,"link":"shopify:\/\/collections\/trending","text_to_left":false,"text1":"ACCESSORIES","text2":"","text3":"","cbtntext":"#191919","cbtntext2":"#191919","cbtntext3":"#777777","acbtntext":"#ffffff","acbtntext2":"#ffffff","acbtntext3":"#ffffff","cbtnbg":"#ffffff","background_alpha":"90","acbtnbg":"#2879fe","background_alpha_a":"90","cbtnbor":"#ffffff","border_alpha":"0","acbtnbor":"#191919","border_alpha_a":"0","custom_styles_text_1":"","custom_styles_text_2":"","custom_styles_text_3":"","custom_styles_text_1_2":"","custom_styles_text_2_2":"","custom_styles_text_3_2":"","custom_styles_text_1_mobile":"","custom_styles_text_2_mobile":"","custom_styles_text_3_mobile":"","custom_styles_text_1_mobile_2":"","custom_styles_text_2_mobile_2":"","custom_styles_text_3_mobile_2":"","show_custom_html":false,"use_custom_html_below_text":false,"custom_html":"","custom_html_position":"normal","show_prem_btn":false,"btnanimation":false,"buttons_top_offset":30,"buttons_top_offset_medium":30,"buttons_top_offset_mobile":30,"show_prem_btn_1":true,"link_1":"","text_b_1":"SHOP WOMEN","cbtntext_1":"#191919","acbtntext_1":"#ffffff","cbtnbg_1":"#ffffff","background_alpha_1":"90","acbtnbg_1":"#2879fe","background_alpha_a_1":"90","btn_custom_styles_1":"","btn_custom_styles_hover_1":"","show_prem_btn_2":true,"link_2":"","text_b_2":"SHOP MEN","cbtntext_2":"#191919","acbtntext_2":"#ffffff","cbtnbg_2":"#ffffff","background_alpha_2":"90","acbtnbg_2":"#2879fe","background_alpha_a_2":"90","btn_custom_styles_2":"","btn_custom_styles_hover_2":"","description_size":"use_main_size","textbackgroundstyles":"","textbackgroundstyles_medium":"","textbackgroundstyles_mobile":"","textbackgroundstyles_mobile_2":"","animation":"use_main_animation","position":"use_main_position","show_mask":false,"show_mask_color":"#191919","show_mask_alpha":30,"mobile_position":"use_main_position","responsivepoint":"1024","mobile_not_show_text_1":false,"mobile_not_show_text_2":false,"mobile_not_show_text_3":false,"mobile_not_show_buttons":false,"show_icon":false,"width":"128"}},"1530166025359":{"type":"item","settings":{"use_main_bg_color":false,"main_bg_color":"#f7f8fa","image":"shopify:\/\/shop_images\/08_80_t.jpg","responsivepoint_image":"768","use_link":true,"link":"shopify:\/\/collections\/trending","text_to_left":false,"text1":"SHOES","text2":"","text3":"","cbtntext":"#191919","cbtntext2":"#191919","cbtntext3":"#777777","acbtntext":"#ffffff","acbtntext2":"#ffffff","acbtntext3":"#ffffff","cbtnbg":"#ffffff","background_alpha":"90","acbtnbg":"#2879fe","background_alpha_a":"90","cbtnbor":"#ffffff","border_alpha":"0","acbtnbor":"#191919","border_alpha_a":"0","custom_styles_text_1":"","custom_styles_text_2":"","custom_styles_text_3":"","custom_styles_text_1_2":"","custom_styles_text_2_2":"","custom_styles_text_3_2":"","custom_styles_text_1_mobile":"","custom_styles_text_2_mobile":"","custom_styles_text_3_mobile":"","custom_styles_text_1_mobile_2":"","custom_styles_text_2_mobile_2":"","custom_styles_text_3_mobile_2":"","show_custom_html":false,"use_custom_html_below_text":false,"custom_html":"","custom_html_position":"normal","show_prem_btn":false,"btnanimation":false,"buttons_top_offset":30,"buttons_top_offset_medium":30,"buttons_top_offset_mobile":30,"show_prem_btn_1":true,"link_1":"","text_b_1":"SHOP WOMEN","cbtntext_1":"#191919","acbtntext_1":"#ffffff","cbtnbg_1":"#ffffff","background_alpha_1":"90","acbtnbg_1":"#2879fe","background_alpha_a_1":"90","btn_custom_styles_1":"","btn_custom_styles_hover_1":"","show_prem_btn_2":true,"link_2":"","text_b_2":"SHOP MEN","cbtntext_2":"#191919","acbtntext_2":"#ffffff","cbtnbg_2":"#ffffff","background_alpha_2":"90","acbtnbg_2":"#2879fe","background_alpha_a_2":"90","btn_custom_styles_2":"","btn_custom_styles_hover_2":"","description_size":"use_main_size","textbackgroundstyles":"","textbackgroundstyles_medium":"","textbackgroundstyles_mobile":"","textbackgroundstyles_mobile_2":"","animation":"use_main_animation","position":"use_main_position","show_mask":false,"show_mask_color":"#191919","show_mask_alpha":30,"mobile_position":"use_main_position","responsivepoint":"1024","mobile_not_show_text_1":false,"mobile_not_show_text_2":false,"mobile_not_show_text_3":false,"mobile_not_show_buttons":false,"show_icon":false,"width":"128"}}},"block_order":["1521704975308","1521704977937","1521704979930","1521704987660","1530166022494","1530166025359"],"settings":{"top_offset":"small","custom_classes":"","fullwidth":true,"nopaddings":false,"bannerstoshow":"6","show_title":false,"title_to_left":false,"boxed_title":false,"text1":"POPULAR","text2":"CLOTHING BRANDS","description_size":"small","animation":"simple","position":"normal","zoomimageeffect":false,"use_same_desc_width":false,"same_width":"330","show_border":false,"border_color":"#e9e7e7","bg_round":6,"arrowdesign":"arrleft","module_autoplay":false,"delay_time":"4000","arrco":"#ffffff","bgco":"#191919","bg_alpha":"30","arrcoa":"#ffffff","bgcoa":"#2879fe","bg_alphaa":"100"}},"1521705177678":{"type":"index-section-products","settings":{"top_offset":"normal","custom_classes":"","fullwidth":false,"nopaddings":false,"hideallelementsonindex":false,"show_title":true,"title_to_left":false,"boxed_title":false,"text1":"BEST SELLER","text2":"TOP PRODUCTS OF THIS WEEK","text3":"","use_title_as_link":true,"show_button":false,"button_text":"SHOW ALL","collection":"trending","items_always_in_center":false,"limit":"8","items":"3","default_carousel":false,"boxed_buttons":false,"show_oneproduct_in_mobile":false,"use_adaptive_height":true,"toshow":"4","step":"2","module_autoplay":false,"delay_time":"7000"}},"1521705207815":{"type":"index-section-simple_banners","blocks":{"1521705213118":{"type":"item","settings":{"use_main_bg_color":false,"main_bg_color":"#f7f8fa","responsivepoint_image":"768","use_link":true,"link":"","text_to_left":false,"text1":"AUTUMN <span style=\"color: #2879fe\">2022<\/span>","text2":"NEW ARRIVALS","text3":"","cbtntext":"#191919","cbtntext2":"#191919","cbtntext3":"#777777","acbtntext":"#191919","acbtntext2":"#ffffff","acbtntext3":"#ffffff","cbtnbg":"#ffffff","background_alpha":"90","acbtnbg":"#ffffff","background_alpha_a":"90","cbtnbor":"#ffffff","border_alpha":"0","acbtnbor":"#191919","border_alpha_a":"0","custom_styles_text_1":"","custom_styles_text_2":"","custom_styles_text_3":"","custom_styles_text_1_2":"","custom_styles_text_2_2":"","custom_styles_text_3_2":"","custom_styles_text_1_mobile":"","custom_styles_text_2_mobile":"","custom_styles_text_3_mobile":"","custom_styles_text_1_mobile_2":"","custom_styles_text_2_mobile_2":"","custom_styles_text_3_mobile_2":"","show_custom_html":false,"use_custom_html_below_text":false,"custom_html":"","custom_html_position":"normal","show_prem_btn":false,"btnanimation":false,"buttons_top_offset":30,"buttons_top_offset_medium":30,"buttons_top_offset_mobile":30,"show_prem_btn_1":true,"link_1":"","text_b_1":"SHOP WOMEN","cbtntext_1":"#191919","acbtntext_1":"#ffffff","cbtnbg_1":"#ffffff","background_alpha_1":"90","acbtnbg_1":"#2879fe","background_alpha_a_1":"90","btn_custom_styles_1":"","btn_custom_styles_hover_1":"","show_prem_btn_2":true,"link_2":"","text_b_2":"SHOP MEN","cbtntext_2":"#191919","acbtntext_2":"#ffffff","cbtnbg_2":"#ffffff","background_alpha_2":"90","acbtnbg_2":"#2879fe","background_alpha_a_2":"90","btn_custom_styles_2":"","btn_custom_styles_hover_2":"","description_size":"use_main_size","textbackgroundstyles":"","textbackgroundstyles_medium":"","textbackgroundstyles_mobile":"","textbackgroundstyles_mobile_2":"","animation":"use_main_animation","position":"use_main_position","show_mask":false,"show_mask_color":"#191919","show_mask_alpha":30,"mobile_position":"use_main_position","responsivepoint":"1024","mobile_not_show_text_1":false,"mobile_not_show_text_2":false,"mobile_not_show_text_3":false,"mobile_not_show_buttons":false,"show_icon":false,"width":"128"}},"1521705310244":{"type":"item","settings":{"use_main_bg_color":false,"main_bg_color":"#f7f8fa","responsivepoint_image":"768","use_link":true,"link":"shopify:\/\/collections\/womens","text_to_left":false,"text1":"NEW COLLECTION","text2":"<span style=\"color: #2879fe\">STREETSTYLE<\/span>","text3":"","cbtntext":"#191919","cbtntext2":"#191919","cbtntext3":"#777777","acbtntext":"#191919","acbtntext2":"#ffffff","acbtntext3":"#ffffff","cbtnbg":"#ffffff","background_alpha":"90","acbtnbg":"#ffffff","background_alpha_a":"90","cbtnbor":"#ffffff","border_alpha":"0","acbtnbor":"#191919","border_alpha_a":"0","custom_styles_text_1":"","custom_styles_text_2":"","custom_styles_text_3":"","custom_styles_text_1_2":"","custom_styles_text_2_2":"","custom_styles_text_3_2":"","custom_styles_text_1_mobile":"","custom_styles_text_2_mobile":"","custom_styles_text_3_mobile":"","custom_styles_text_1_mobile_2":"","custom_styles_text_2_mobile_2":"","custom_styles_text_3_mobile_2":"","show_custom_html":false,"use_custom_html_below_text":false,"custom_html":"","custom_html_position":"normal","show_prem_btn":false,"btnanimation":false,"buttons_top_offset":30,"buttons_top_offset_medium":30,"buttons_top_offset_mobile":30,"show_prem_btn_1":true,"link_1":"","text_b_1":"SHOP WOMEN","cbtntext_1":"#191919","acbtntext_1":"#ffffff","cbtnbg_1":"#ffffff","background_alpha_1":"90","acbtnbg_1":"#2879fe","background_alpha_a_1":"90","btn_custom_styles_1":"","btn_custom_styles_hover_1":"","show_prem_btn_2":true,"link_2":"","text_b_2":"SHOP MEN","cbtntext_2":"#191919","acbtntext_2":"#ffffff","cbtnbg_2":"#ffffff","background_alpha_2":"90","acbtnbg_2":"#2879fe","background_alpha_a_2":"90","btn_custom_styles_2":"","btn_custom_styles_hover_2":"","description_size":"use_main_size","textbackgroundstyles":"","textbackgroundstyles_medium":"","textbackgroundstyles_mobile":"","textbackgroundstyles_mobile_2":"","animation":"use_main_animation","position":"use_main_position","show_mask":false,"show_mask_color":"#191919","show_mask_alpha":30,"mobile_position":"use_main_position","responsivepoint":"1024","mobile_not_show_text_1":false,"mobile_not_show_text_2":false,"mobile_not_show_text_3":false,"mobile_not_show_buttons":false,"show_icon":false,"width":"128"}},"1521705336790":{"type":"item","settings":{"use_main_bg_color":false,"main_bg_color":"#f7f8fa","responsivepoint_image":"768","use_link":true,"link":"shopify:\/\/collections\/womens","text_to_left":false,"text1":"GREAT SUMMER CLEARANCE SALES","text2":"GET UP TO <span style=\"color: #2879fe\">70% OFF<\/span>","text3":"","cbtntext":"#191919","cbtntext2":"#191919","cbtntext3":"#777777","acbtntext":"#191919","acbtntext2":"#ffffff","acbtntext3":"#ffffff","cbtnbg":"#ffffff","background_alpha":"90","acbtnbg":"#ffffff","background_alpha_a":"90","cbtnbor":"#ffffff","border_alpha":"0","acbtnbor":"#191919","border_alpha_a":"0","custom_styles_text_1":"","custom_styles_text_2":"","custom_styles_text_3":"","custom_styles_text_1_2":"","custom_styles_text_2_2":"","custom_styles_text_3_2":"","custom_styles_text_1_mobile":"","custom_styles_text_2_mobile":"","custom_styles_text_3_mobile":"","custom_styles_text_1_mobile_2":"","custom_styles_text_2_mobile_2":"","custom_styles_text_3_mobile_2":"","show_custom_html":false,"use_custom_html_below_text":false,"custom_html":"","custom_html_position":"normal","show_prem_btn":false,"btnanimation":false,"buttons_top_offset":30,"buttons_top_offset_medium":30,"buttons_top_offset_mobile":30,"show_prem_btn_1":true,"link_1":"","text_b_1":"SHOP WOMEN","cbtntext_1":"#191919","acbtntext_1":"#ffffff","cbtnbg_1":"#ffffff","background_alpha_1":"90","acbtnbg_1":"#2879fe","background_alpha_a_1":"90","btn_custom_styles_1":"","btn_custom_styles_hover_1":"","show_prem_btn_2":true,"link_2":"","text_b_2":"SHOP MEN","cbtntext_2":"#191919","acbtntext_2":"#ffffff","cbtnbg_2":"#ffffff","background_alpha_2":"90","acbtnbg_2":"#2879fe","background_alpha_a_2":"90","btn_custom_styles_2":"","btn_custom_styles_hover_2":"","description_size":"use_main_size","textbackgroundstyles":"","textbackgroundstyles_medium":"","textbackgroundstyles_mobile":"","textbackgroundstyles_mobile_2":"","animation":"use_main_animation","position":"use_main_position","show_mask":false,"show_mask_color":"#191919","show_mask_alpha":30,"mobile_position":"use_main_position","responsivepoint":"1024","mobile_not_show_text_1":false,"mobile_not_show_text_2":false,"mobile_not_show_text_3":false,"mobile_not_show_buttons":false,"show_icon":false,"width":"128"}}},"block_order":["1521705213118","1521705310244","1521705336790"],"settings":{"top_offset":"normal","custom_classes":"","fullwidth":true,"nopaddings":false,"minus20":false,"items":"4","show_title":false,"title_to_left":false,"boxed_title":false,"text1":"POPULAR","text2":"CLOTHING BRANDS","description_size":"small","animation":"simple","position":"normal","zoomimageeffect":false,"use_same_desc_width":false,"same_width":"330","show_border":false,"border_color":"#e9e7e7","bg_round":6}},"1521705360339":{"type":"index-section-products","settings":{"top_offset":"normal","custom_classes":"","fullwidth":false,"nopaddings":false,"hideallelementsonindex":false,"show_title":true,"title_to_left":false,"boxed_title":false,"text1":"TRENDING","text2":"TOP WISHES OF THIS WEEK","text3":"","use_title_as_link":true,"show_button":false,"button_text":"SHOW ALL","collection":"best-seller","items_always_in_center":false,"limit":"8","items":"3","default_carousel":false,"boxed_buttons":false,"show_oneproduct_in_mobile":false,"use_adaptive_height":true,"toshow":"4","step":"2","module_autoplay":false,"delay_time":"7000"}},"162012473448bd2116":{"type":"index-section-instagram","blocks":{"162012473448bd2116-0":{"type":"image","settings":{"imgurl":""}},"162012473448bd2116-1":{"type":"image","settings":{"imgurl":""}},"162012473448bd2116-2":{"type":"image","settings":{"imgurl":""}},"162012473448bd2116-3":{"type":"image","settings":{"imgurl":""}},"162012473448bd2116-4":{"type":"image","settings":{"imgurl":""}},"162012473448bd2116-5":{"type":"image","settings":{"imgurl":""}}},"block_order":["162012473448bd2116-0","162012473448bd2116-1","162012473448bd2116-2","162012473448bd2116-3","162012473448bd2116-4","162012473448bd2116-5"],"settings":{"top_offset":"normal","in_line":true,"grid_5":"none","gridnopadding":false,"containerpadding":true,"fullwidth":true,"show_titles":true,"title_to_left":false,"boxed_title":false,"text1":"<a target=\"_blank\" href=\"https:\/\/www.instagram.com\/wokieeshopify\">@ FOLLOW<\/a> US ON","text2":"INSTAGRAM"}},"1521705369018":{"type":"index-section-blog","settings":{"top_offset":"normal","custom_classes":"","fullwidth":false,"show_title":true,"title_to_left":false,"boxed_title":false,"text1":"LATEST FROM BLOG","text2":"THE FRESHEST AND MOST EXCITING NEWS","text3":"","use_title_as_link":true,"button_text":"SHOW ALL","blog":"news","limit":"3","items":"4","show_tags":true,"blog_show_author":true,"blog_show_date":true,"show_comment":true,"show_description":true,"truncate_excerpt":false,"truncate":"15","truncate_last_symbols":"..."}},"1521705420393":{"type":"index-section-iconbanners","blocks":{"1521705420393-1":{"type":"item","settings":{"link":"","show_icon":"icon","icon":"icon-f-35","text1":"SUPPORT 24\/7","text2":"Contact us 24 hours a day, 7 days a week","icon_color":"#2879fe"}},"1521705420393-2":{"type":"item","settings":{"link":"","show_icon":"icon","icon":"icon-e-09","text1":"30 DAYS RETURN","text2":"Simply return it within 24 days for an exchange.","icon_color":"#2879fe"}},"1521705420393-0":{"type":"item","settings":{"link":"","show_icon":"icon","icon":"icon-f-48","text1":"FREE SHIPPING","text2":"Free shipping on all US order or order above $99","icon_color":"#2879fe"}}},"block_order":["1521705420393-1","1521705420393-2","1521705420393-0"],"settings":{"top_offset":"normal","custom_classes":"","fullwidth":false,"vertical":false,"items_always_in_center":false,"items":"4","show_title":false,"title_to_left":false,"boxed_title":false,"text1":"Title","text2":"Description","main_title_color":"#191919","main_desc_color":"#777777","same_iconcolor":true,"icon_color":"#2879fe","title_color":"#191919","desc_color":"#777777","title_hover_color":"#2879fe","usebgcolor":false,"useboxedbgcolor":false,"bgco":"#ffffff","bgdepad":"80","bgdepad_2":"80","bgmopad":"80","bgmopad_2":"80"}},"1637251028b2e80b85":{"type":"index-section-big_banners","blocks":{"1637251028a345c0d0-0":{"type":"item","settings":{"use_link":true,"link":"","use_parallax":false,"height1":"650","height2":"550","height3":"350","height4":"250","text1":"CLEARANCE","text2":"SALES<br> 70% OFF","text3":"Last chance to take advantage of our discounts!","position":"normal","textalign":"center","use_custom_style_for_text_1":false,"custom_style_for_text_1":".tt-promo-fullwidth .tt-description .tt-title-small {\nfont-size: 30px;\nline-height: 40px;\nmargin-bottom: 16px;\n}\n@media (max-width: 1400px){\n\t.tt-promo-fullwidth .tt-description .tt-title-small {\n\t\tfont-size: 30px;\n\t\tline-height: 40px;\n\t\tmargin-bottom: 16px;\n\t}\n}\n@media (max-width: 1100px){\n\t.tt-promo-fullwidth .tt-description .tt-title-small {\n\t\tfont-size: 30px;\n\t\tline-height: 40px;\n\t\tmargin-bottom: 16px;\n\t}\n}\n@media (max-width: 900px){\n\t.tt-promo-fullwidth .tt-description .tt-title-small {\n\t\tfont-size: 20px;\n\t\tline-height: 30px;\n\t\tmargin-bottom: 10px;\n\t}\n}\n@media (max-width: 789px){\n\t.tt-promo-fullwidth .tt-description .tt-title-small {\n\t\tfont-size: 17px;\n\t\tline-height: 25px;\n\t\tmargin-bottom: 10px;\n\t}\n}\n@media (max-width: 657px){\n\t.tt-promo-fullwidth .tt-description .tt-title-small {\n\t\tfont-size: 15px;\n\t\tline-height: 20px;\n\t\tmargin-bottom: 7px;\n\t}\n}\n@media (max-width: 575px){\n\t.tt-promo-fullwidth .tt-description .tt-title-small {\n\t\tfont-size: 14px;\n\t\tline-height: 16px;\n\t\tmargin-bottom: 7px;\n\t}\n}\n@media (max-width: 450px){\n\t.tt-promo-fullwidth .tt-description .tt-title-small {\n\t\tfont-size: 12px;\n\t\tline-height: 12px;\n\t\tmargin-bottom: 4px;\n\t}\n}","show_button":true,"button_name":"SHOP NOW!","text_color1":"#191919","text_color2":"#191919","text_color3":"#191919","cbtntext":"#ffffff","acbtntext":"#ffffff","cbtnbg":"#2879fe","acbtnbg":"#2267d8","btn_custom_styles":"","btn_custom_styles_hover":"","show_mask":false,"show_mask_color":"#191919","show_mask_alpha":30}},"1637251028a345c0d0-1":{"type":"item","settings":{"use_link":true,"link":"","use_parallax":false,"height1":"650","height2":"550","height3":"350","height4":"250","text1":"CLEARANCE","text2":"SALES<br> 70% OFF","text3":"Last chance to take advantage of our discounts!","position":"normal","textalign":"center","use_custom_style_for_text_1":false,"custom_style_for_text_1":".tt-promo-fullwidth .tt-description .tt-title-small {\nfont-size: 30px;\nline-height: 40px;\nmargin-bottom: 16px;\n}\n@media (max-width: 1400px){\n\t.tt-promo-fullwidth .tt-description .tt-title-small {\n\t\tfont-size: 30px;\n\t\tline-height: 40px;\n\t\tmargin-bottom: 16px;\n\t}\n}\n@media (max-width: 1100px){\n\t.tt-promo-fullwidth .tt-description .tt-title-small {\n\t\tfont-size: 30px;\n\t\tline-height: 40px;\n\t\tmargin-bottom: 16px;\n\t}\n}\n@media (max-width: 900px){\n\t.tt-promo-fullwidth .tt-description .tt-title-small {\n\t\tfont-size: 20px;\n\t\tline-height: 30px;\n\t\tmargin-bottom: 10px;\n\t}\n}\n@media (max-width: 789px){\n\t.tt-promo-fullwidth .tt-description .tt-title-small {\n\t\tfont-size: 17px;\n\t\tline-height: 25px;\n\t\tmargin-bottom: 10px;\n\t}\n}\n@media (max-width: 657px){\n\t.tt-promo-fullwidth .tt-description .tt-title-small {\n\t\tfont-size: 15px;\n\t\tline-height: 20px;\n\t\tmargin-bottom: 7px;\n\t}\n}\n@media (max-width: 575px){\n\t.tt-promo-fullwidth .tt-description .tt-title-small {\n\t\tfont-size: 14px;\n\t\tline-height: 16px;\n\t\tmargin-bottom: 7px;\n\t}\n}\n@media (max-width: 450px){\n\t.tt-promo-fullwidth .tt-description .tt-title-small {\n\t\tfont-size: 12px;\n\t\tline-height: 12px;\n\t\tmargin-bottom: 4px;\n\t}\n}","show_button":true,"button_name":"SHOP NOW!","text_color1":"#191919","text_color2":"#191919","text_color3":"#191919","cbtntext":"#ffffff","acbtntext":"#ffffff","cbtnbg":"#2879fe","acbtnbg":"#2267d8","btn_custom_styles":"","btn_custom_styles_hover":"","show_mask":false,"show_mask_color":"#191919","show_mask_alpha":30}},"1637251028a345c0d0-2":{"type":"item","settings":{"use_link":true,"link":"","use_parallax":false,"height1":"650","height2":"550","height3":"350","height4":"250","text1":"CLEARANCE","text2":"SALES<br> 70% OFF","text3":"Last chance to take advantage of our discounts!","position":"normal","textalign":"center","use_custom_style_for_text_1":false,"custom_style_for_text_1":".tt-promo-fullwidth .tt-description .tt-title-small {\nfont-size: 30px;\nline-height: 40px;\nmargin-bottom: 16px;\n}\n@media (max-width: 1400px){\n\t.tt-promo-fullwidth .tt-description .tt-title-small {\n\t\tfont-size: 30px;\n\t\tline-height: 40px;\n\t\tmargin-bottom: 16px;\n\t}\n}\n@media (max-width: 1100px){\n\t.tt-promo-fullwidth .tt-description .tt-title-small {\n\t\tfont-size: 30px;\n\t\tline-height: 40px;\n\t\tmargin-bottom: 16px;\n\t}\n}\n@media (max-width: 900px){\n\t.tt-promo-fullwidth .tt-description .tt-title-small {\n\t\tfont-size: 20px;\n\t\tline-height: 30px;\n\t\tmargin-bottom: 10px;\n\t}\n}\n@media (max-width: 789px){\n\t.tt-promo-fullwidth .tt-description .tt-title-small {\n\t\tfont-size: 17px;\n\t\tline-height: 25px;\n\t\tmargin-bottom: 10px;\n\t}\n}\n@media (max-width: 657px){\n\t.tt-promo-fullwidth .tt-description .tt-title-small {\n\t\tfont-size: 15px;\n\t\tline-height: 20px;\n\t\tmargin-bottom: 7px;\n\t}\n}\n@media (max-width: 575px){\n\t.tt-promo-fullwidth .tt-description .tt-title-small {\n\t\tfont-size: 14px;\n\t\tline-height: 16px;\n\t\tmargin-bottom: 7px;\n\t}\n}\n@media (max-width: 450px){\n\t.tt-promo-fullwidth .tt-description .tt-title-small {\n\t\tfont-size: 12px;\n\t\tline-height: 12px;\n\t\tmargin-bottom: 4px;\n\t}\n}","show_button":true,"button_name":"SHOP NOW!","text_color1":"#191919","text_color2":"#191919","text_color3":"#191919","cbtntext":"#ffffff","acbtntext":"#ffffff","cbtnbg":"#2879fe","acbtnbg":"#2267d8","btn_custom_styles":"","btn_custom_styles_hover":"","show_mask":false,"show_mask_color":"#191919","show_mask_alpha":30}}},"block_order":["1637251028a345c0d0-0","1637251028a345c0d0-1","1637251028a345c0d0-2"],"settings":{"top_offset":"normal","fullwidth":true}},"16395011263ce8f590":{"type":"index-section-iconbanners","blocks":{"16395011269a871dcb-0":{"type":"item","settings":{"link":"","show_icon":"icon","icon":"icon-f-48","text1":"FREE SHIPPING","text2":"Free Shipping on all orders from the US or orders of $ 99 or more.","icon_color":"#2879fe"}},"16395011269a871dcb-1":{"type":"item","settings":{"link":"","show_icon":"icon","icon":"icon-f-35","text1":"SUPPORT 24\/7","text2":"Contact us 24 hours a day, 7 days a week","icon_color":"#2879fe"}},"16395011269a871dcb-2":{"type":"item","settings":{"link":"","show_icon":"icon","icon":"icon-e-09","text1":"30 DAYS RETURN","text2":"Simply return it within 24 days for an exchange.","icon_color":"#2879fe"}}},"block_order":["16395011269a871dcb-0","16395011269a871dcb-1","16395011269a871dcb-2"],"settings":{"top_offset":"normal","custom_classes":"","fullwidth":false,"vertical":false,"items_always_in_center":false,"items":"4","show_title":false,"title_to_left":false,"boxed_title":false,"text1":"Title","text2":"Description","main_title_color":"#191919","main_desc_color":"#777777","same_iconcolor":true,"icon_color":"#2879fe","title_color":"#191919","desc_color":"#777777","title_hover_color":"#2879fe","usebgcolor":false,"useboxedbgcolor":false,"bgco":"#ffffff","bgdepad":"80","bgdepad_2":"80","bgmopad":"80","bgmopad_2":"80"}}},"order":["1530224149715","1521704967763","1521705177678","1521705207815","1521705360339","162012473448bd2116","1521705369018","1521705420393","1637251028b2e80b85","16395011263ce8f590"]}