{"sections":{"main":{"type":"password-template","settings":{"show_logo":true,"logo_max_width":"175","t1":"WEBSITE IS COMING SOON","t2":"Successful brands get into the mind slowly. A blurb in a magazine. A mention in a newspaper. A comment from a friend. A display in a retail store.","show_n":true,"use_mailchimp_form":true,"n_t1":"SUBSCRIBE TO OUR NEWSLETTER","n_t2":"Enter your e-mail","n_t3":"SUBSCRIBE","show_p":true,"p_t1":"ENTER THE PASSWORD TO GET ACCESS TO THE SITE","p_t2":"Enter Password","p_t3":"ENTER","f_t1":"&copy; Wokiee 2021. All Rights Reserved"}}},"order":["main"],"layout":"password"}